<?xml version="1.0"?>
<!--
/*
 * Copyright 2001-2004 The Apache Software Foundation.
 *
 * Licensed under the Apache License, Version 2.0 (the "License");
 * you may not use this file except in compliance with the License.
 * You may obtain a copy of the License at
 *
 *      http://www.apache.org/licenses/LICENSE-2.0
 *
 * Unless required by applicable law or agreed to in writing, software
 * distributed under the License is distributed on an "AS IS" BASIS,
 * WITHOUT WARRANTIES OR CONDITIONS OF ANY KIND, either express or implied.
 * See the License for the specific language governing permissions and
 * limitations under the License.
 */
 -->

<document>

  <properties>
    <title>Projects built using Morph</title>
    <author email="sgarlatm@lists.sourceforge.net">Matt Sgarlata</author>
  </properties>

  <body>
    <section name="Projects built using Morph">
	  <subsection name="Scoreboard">
        <p><a href="/images/morphed_scoreboard_large.png"><img src="/images/morphed_scoreboard_small.png" border="0"/></a> Scoreboard is a web-based J2EE corporate performance management tool used for measuring performance and communicating strategy across the entire employee-base. The web application includes an administration applet for creating and updating corporate strategy maps, allowing an administrator to drag-and-drop strategic objective elements from the corporate hierarchy on to a visual map. The typical non-administrator user views the resulting strategy map as a dynamic image on an HTML page, complete with live data-driven color status indicators and image-mapped drill-down links.  <a href="http://www.spiderstrategies.com">Website</a></p>
	  </subsection>
	 </section>
	 <section name="Include your project here!">
	   <p>To include your project here, just email <a href="mailto:sgarlatm@users.sourceforge.net">sgarlatm@users.sourceforge.net</a>.</p>
	 </section>
  </body>
</document>

