<?xml version='1.0' encoding="iso-8859-1"?>

<!--
/*
 * Copyright 2001-2004, 2008 The original author or authors
 *
 * Licensed under the Apache License, Version 2.0 (the "License");
 * you may not use this file except in compliance with the License.
 * You may obtain a copy of the License at
 *
 *			http://www.apache.org/licenses/LICENSE-2.0
 *
 * Unless required by applicable law or agreed to in writing, software
 * distributed under the License is distributed on an "AS IS" BASIS,
 * WITHOUT WARRANTIES OR CONDITIONS OF ANY KIND, either express or implied.
 * See the License for the specific language governing permissions and
 * limitations under the License.
 */
 -->

<!DOCTYPE book PUBLIC "-//OASIS//DTD DocBook XML V4.1.2//EN"
                      "../lib/docbook-dtd/docbookx.dtd"
[
<!ENTITY introduction		SYSTEM "introduction.xml">
<!ENTITY transformers		SYSTEM "transformers.xml">
<!ENTITY reflectors			SYSTEM "reflectors.xml">
<!ENTITY contexts			SYSTEM "contexts.xml">
<!ENTITY wrappers			SYSTEM "wrappers.xml">
]>


<book>

    <bookinfo>
        <title>The Morph Framework</title>
        <subtitle>
          Reference Documentation
        </subtitle>
        <releaseinfo>Version 1.1.1</releaseinfo>
        <pubdate>June 13, 2008</pubdate>
        
        <authorgroup>
            <author>
                <firstname>Matthew</firstname>
                <surname>Sgarlata</surname>
            </author>
        </authorgroup>

        <legalnotice>Copies of this document may be made for your own use and for distribution to others, provided that you do not charge any fee for such copies and further provided that each copy contains this Copyright Notice, whether distributed in print or electronically.</legalnotice>
    </bookinfo>

    <toc/>

	&introduction;

	&transformers;

	&wrappers;

	&contexts;

</book>
