<!--
/*
 * Copyright 2001-2004 The Apache Software Foundation.
 *
 * Licensed under the Apache License, Version 2.0 (the "License");
 * you may not use this file except in compliance with the License.
 * You may obtain a copy of the License at
 *
 *			http://www.apache.org/licenses/LICENSE-2.0
 *
 * Unless required by applicable law or agreed to in writing, software
 * distributed under the License is distributed on an "AS IS" BASIS,
 * WITHOUT WARRANTIES OR CONDITIONS OF ANY KIND, either express or implied.
 * See the License for the specific language governing permissions and
 * limitations under the License.
 */
 -->
<chapter id="reflectors">

    <title>Reflectors</title>
    
    <sect1 id="reflectors-introduction">

		<title>Introduction</title>

		<para>A transformer transforms information taken from a source and makes it available at a destination.  There are two main types of Transformers: Converters and Copiers.  Converters convert an object of one type to a new object of a different type.  Copiers copy information from an existing object to an existing object of a different type.  Before we get into the reason for having two types of Transformers, let's take a closer look at Converters.</para>
		
	</sect1>

</chapter>