<!--
/*
 * Copyright 2001-2004 The Apache Software Foundation.
 *
 * Licensed under the Apache License, Version 2.0 (the "License");
 * you may not use this file except in compliance with the License.
 * You may obtain a copy of the License at
 *
 *			http://www.apache.org/licenses/LICENSE-2.0
 *
 * Unless required by applicable law or agreed to in writing, software
 * distributed under the License is distributed on an "AS IS" BASIS,
 * WITHOUT WARRANTIES OR CONDITIONS OF ANY KIND, either express or implied.
 * See the License for the specific language governing permissions and
 * limitations under the License.
 */
 -->
<chapter id="wrappers">

    <title>Wrappers</title>
    
    <sect1 id="wrappers-introduction">

		<title>Introduction</title>

		<para>A wrapper allows data in an object to be manipulated and provides a consistent API for different types. For example, instead of overloading a method so that it can accept both a Collection and an Object array, a single method signature utilizing the Container interface may be specified.  <emphasis>This chapter has yet to be written</emphasis></para>

	</sect1>

</chapter>